{"2016":{"10":{"1":{},"2":{},"3":{},"4":{},"5":{},"6":{"0":{"title":"A test date","location":"Somewhere","description":"For demonstration purposes"},"1":{"title":"A second event","location":"Here","description":"Here's a second event for today, wow I'm busy!"}},"7":{},"8":{},"9":{},"10":{"0":{"title":"My birthday","location":"Everywhere","description":"A time for celebration"}},"11":{},"12":{},"13":{},"14":{},"15":{"0":{"title":"A nice saturday","location":"A park","description":"Good wholesome family fun"}},"16":{},"17":{},"18":{},"19":{},"20":{},"21":{},"22":{},"23":{},"24":{},"25":{},"26":{},"27":{},"28":{},"29":{},"30":{},"31":{}}}}